,700MW,600MW,660MW,500MW,250MW,210MW,195_200MW,140MW,120_125MW,100_110MW,500MW_0,500MW_1,500MW_2,500MW_3,500MW_4,250MW_0,250MW_1,250MW_2,250MW_3,250MW_4,210MW_0,210MW_1,210MW_2,210MW_3,210MW_4,210MW_5,210MW_6,210MW_7,210MW_8,210MW_9,210MW_10,210MW_11,210MW_12,210MW_13,210MW_14,210MW_15,210MW_16,210MW_17,210MW_18,210MW_19,210MW_20,210MW_21,210MW_22,210MW_23,210MW_24,210MW_25,210MW_26,210MW_27,210MW_28,210MW_29,210MW_30,210MW_31,210MW_32,210MW_33,210MW_34,210MW_35,210MW_36,210MW_37,210MW_38,210MW_39,210MW_40,210MW_41,210MW_42,210MW_43,210MW_44,210MW_45,210MW_46,210MW_47,210MW_48,195_200MW_0,195_200MW_1,195_200MW_2,195_200MW_3,195_200MW_4,140MW_0,140MW_1,140MW_2,140MW_3,120_125MW_0,120_125MW_1,120_125MW_2,120_125MW_3,120_125MW_4,120_125MW_5,120_125MW_6,120_125MW_7,120_125MW_8,100_110MW_0,100_110MW_1,100_110MW_2,100_110MW_3,100_110MW_4,100_110MW_5,100_110MW_6,100_110MW_7
steam_eff,0.42465583528838324,0.4149807101565423,0.41498070996838204,0.41047545938639085,0.4068047188511096,0.40503030616879104,0.4037476959017886,0.4032861611776323,0.4022596424982889,0.4014903758362892,0.20506807926216425,0.20549558928394132,0.20506807936180543,0.2050934872123008,0.20544035906853522,0.4065603756169039,0.4065603756169039,0.406949297431079,0.40596238183730365,0.4079847707219615,0.406594564557509,0.40596238313677213,0.40282652512811634,0.40698283302093663,0.4071937926748124,0.40554005176797364,0.40719379309133874,0.4015387386445743,0.404460372089073,0.40719379306359993,0.4071937944175892,0.40400613053106044,0.4025826954708092,0.4025826969253094,0.40554005102807295,0.4071937939723606,0.4065945642637229,0.4063908131749971,0.4000188408496865,0.4010437180070147,0.40719379329520844,0.40613719111097196,0.4017820784420303,0.40178207996445436,0.40178207937636407,0.4034121553853513,0.4061371925025526,0.4028265255495307,0.40613719180935537,0.40613719151187,0.4061371933605079,0.4061371921416875,0.40613719158546085,0.40554005167754187,0.40554005167754187,0.4055400503984222,0.40556024511081445,0.4042344644620875,0.4042344661402677,0.40638401024975895,0.4055602444934525,0.40178207865355003,0.4061371915129884,0.4071937931019413,0.4071937930560196,0.4071937930560196,0.4065603754407347,0.4011685303769978,0.40178208029678464,0.4066148276050175,0.402496025888032,0.40104371894402646,0.40407488906237904,0.40423446500024995,0.40240917617564714,0.4028265261025039,0.40178207874048927,0.4059689560318548,0.4029232994905126,0.40178207918490655,0.4019077230940792,0.40178207972605084,0.4014613554056177,0.40177810110218476,0.40354201016709507,0.4017820797145958,0.403306135142791,0.3892024256810451,0.40187865375881937,0.40178207955112843,0.40258269598998603,0.40490507010347604,0.40457242840474805,0.40129263448600394,0.4028265256271496
Qs,-3492277.0999999996,-3519954.299999999,-3519954.299999999,-3468701.5,-3476427.9000000004,-3478885.5,-3482869.9000000004,-3486180.1999999993,-3483686.9000000004,-3485099.3000000007,-3467832.1999999993,-3468596.8000000007,-3467832.1999999993,-3470464.3000000007,-3468858.3000000007,-3475305.0,-3475305.0,-3474558.6999999993,-3476424.200000001,-3480517.5999999996,-3483151.9000000004,-3476424.200000001,-3489449.4000000004,-3479794.0,-3482039.0999999996,-3471941.1000000015,-3482039.0999999996,-3478672.4000000004,-3486858.0,-3482039.0999999996,-3482039.0999999996,-3487598.700000001,-3489819.4000000004,-3489819.4000000004,-3471941.1000000015,-3482039.0999999996,-3483151.9000000004,-3483522.8000000007,-3480912.4000000004,-3479419.1999999993,-3482039.0999999996,-3470817.700000001,-3478298.9000000004,-3478298.9000000004,-3478298.9000000004,-3475682.6999999993,-3470817.700000001,-3489449.4000000004,-3470817.700000001,-3470817.700000001,-3470817.700000001,-3470817.700000001,-3470817.700000001,-3471941.1000000015,-3471941.1000000015,-3471941.1000000015,-3471903.6999999993,-3487228.299999999,-3487228.299999999,-3480908.9000000004,-3471903.6999999993,-3478298.9000000004,-3470817.700000001,-3482039.0999999996,-3482039.0999999996,-3482039.0999999996,-3475305.0,-3479232.5,-3478298.9000000004,-3483114.799999999,-3477178.0,-3479419.1999999993,-3487487.5,-3487228.299999999,-3484987.8000000007,-3489449.4000000004,-3478298.9000000004,-3492095.0,-3489301.4000000004,-3478298.9000000004,-3483204.200000001,-3478298.9000000004,-3483873.799999999,-3485433.4000000004,-3488339.0999999996,-3478298.9000000004,-3488709.299999999,-3493199.0999999996,-3478149.4000000004,-3478298.9000000004,-3489819.4000000004,-3486117.200000001,-3486672.9000000004,-3479045.9000000004,-3489449.4000000004
P_out_net,720.28710766,625.8999653000001,675.08470788,536.5357329855,273.18269086275006,229.3506207471231,217.071098700069,154.05233574795307,132.7185358833986,120.4848050717611,544.8106126855,539.1973325954999,538.2068492055,539.6563642455,540.3943266846875,273.92095082275,273.92095082275,270.02101476275004,273.24423943275,274.70500915275,231.38162976751002,232.6455662467362,227.61857328751,227.6261991559624,230.65357632751,229.87375038751,230.65357632751,230.6674739659624,232.56735993751,231.38636748588502,236.11700762611716,227.79450139751,229.23100151751,229.90764512750997,230.82084100750998,229.73216897750999,226.8211935855755,228.07019080751002,230.32540504751003,230.02849949751,230.65357632751,228.43004209751004,229.56462626751,230.27144922681362,230.89259635751,237.15818647751,233.71375517534335,229.49185296751,230.72467129751,230.49570397751,231.83978826751002,231.34221801751002,228.24264677751,229.87375028751,229.87375028751,229.00199625751,229.37114923751,228.68518942751,227.04365044751,231.08207696549812,229.88990878751,227.82755849751,230.97819535751,228.64599244588499,230.65357632611716,230.65357632751,227.87726285751,227.24526744751,232.21521452751,213.473371885545,217.33966993619998,216.8700897358518,224.5116743862,224.55974523585178,158.42122262833996,159.08047752833997,160.0640724274501,153.33189806834,132.57699217572,135.54312040572,132.74607985572,137.09356597571997,136.31167329571997,132.56861937572,134.64303683571998,136.16415432455932,138.664929736375,120.5085603941,119.81962607375499,126.24060749440999,120.64649648441,119.62477595441,120.52624382440999,124.87822356440999,125.26350068441
F_salt,5072.34888,4485.56921,4839.06868,3889.3394,1995.709667,1681.9930089999998,1596.279141,1134.169783,979.521107,891.003299,960.9032990000001,1030.8033,1100.7033000000001,1170.603299,1240.503299,2002.146331,2002.146331,1972.1214139999997,2000.2052469999999,2001.5077820000001,1690.887608,1703.240728,1676.809743,1662.277254,1683.47146,1684.397223,1683.432298,1705.28545,1707.298369,1688.823391,1723.678658,1673.8373940000001,1690.027783,1694.555346,1691.154269,1676.751567,1657.4274850000002,1667.175836,1707.84296,1701.941554,1683.471764,1671.137488,1695.655702,1700.7821079999999,1705.427895,1745.3386380000002,1710.349944,1690.599846,1688.4017020000001,1686.747527,1696.650022,1693.0272439999999,1669.9619389999998,1684.803682,1684.803682,1677.9688099999998,1680.624264,1679.5089130000001,1666.9910089999998,1689.597066,1684.176829,1682.748352,1690.870375,1668.830435,1683.653637,1683.653637,1665.8862709999999,1681.250136,1715.216353,1560.306388,1602.917005,1604.472062,1649.487467,1649.487467,1168.6102270000001,1172.4192899999998,1182.59742,1122.096602,976.8709309999999,1001.5725,980.5005189999999,1013.019226,1007.786544,979.4081799999999,990.758885,1006.15689,1020.843369,916.434204,885.277806,932.9793070000001,889.71965,877.8073919999999,885.124224,923.8140109999999,923.174491
deltaA,4.850000000000023,4.850000000000023,4.850000000000023,27.25,27.25,27.549999999999955,26.850000000000023,25.850000000000023,27.450000000000045,27.350000000000023,27.850000000000023,26.850000000000023,27.850000000000023,26.850000000000023,26.850000000000023,27.850000000000023,27.850000000000023,27.850000000000023,27.850000000000023,24.850000000000023,24.850000000000023,27.850000000000023,24.850000000000023,25.850000000000023,24.850000000000023,29.850000000000023,24.850000000000023,29.850000000000023,24.850000000000023,24.850000000000023,24.850000000000023,24.850000000000023,24.850000000000023,24.850000000000023,29.850000000000023,24.850000000000023,24.850000000000023,24.850000000000023,29.850000000000023,29.850000000000023,24.850000000000023,29.850000000000023,29.850000000000023,29.850000000000023,29.850000000000023,29.850000000000023,29.850000000000023,24.850000000000023,29.850000000000023,29.850000000000023,29.850000000000023,29.850000000000023,29.850000000000023,29.850000000000023,29.850000000000023,29.850000000000023,29.850000000000023,24.850000000000023,24.850000000000023,25.850000000000023,29.850000000000023,29.850000000000023,29.850000000000023,24.850000000000023,24.850000000000023,24.850000000000023,27.850000000000023,29.850000000000023,29.850000000000023,24.850000000000023,29.850000000000023,29.850000000000023,24.850000000000023,24.850000000000023,26.850000000000023,24.850000000000023,29.850000000000023,21.850000000000023,24.850000000000023,29.850000000000023,27.850000000000023,29.850000000000023,27.850000000000023,27.049999999999955,24.850000000000023,29.850000000000023,24.850000000000023,29.850000000000023,29.850000000000023,29.850000000000023,24.850000000000023,24.850000000000023,24.850000000000023,29.850000000000023,24.850000000000023
deltaB,240.0,240.0,240.0,240.0,240.0,240.0,240.0,240.0,240.0,240.0,240.0,240.0,240.0,240.0,240.0,240.0,240.0,240.0,240.0,240.0,240.0,240.0,240.0,240.0,240.0,240.0,240.0,240.0,240.0,240.0,240.0,240.0,240.0,240.0,240.0,240.0,240.0,240.0,240.0,240.0,240.0,240.0,240.0,240.0,240.0,240.0,240.0,240.0,240.0,240.0,240.0,240.0,240.0,240.0,240.0,240.0,240.0,240.0,240.0,240.0,240.0,240.0,240.0,240.0,240.0,240.0,240.0,240.0,240.0,240.0,240.0,240.0,240.0,240.0,240.0,240.0,240.0,240.0,240.0,240.0,240.0,240.0,240.0,240.0,240.0,240.0,240.0,240.0,240.0,240.0,240.0,240.0,240.0,240.0,240.0
flowsteamPeak,450.757576,393.333333,424.242424,347.083895,177.416807,149.328704,141.471801,100.38931,86.7592593,78.8473625,352.777778,348.501684,348.501684,349.027778,349.305556,178.058361,178.058361,175.448934,177.741162,177.717172,149.943883,151.349607,148.233726,147.60101,149.368687,149.936869,149.368687,151.237374,151.11532,149.842873,152.90404,148.106061,149.335017,149.775533,150.554153,148.772447,146.990741,147.835297,151.349607,150.925926,149.368687,148.894501,150.462963,150.925926,151.332772,155.092593,152.335859,149.452862,150.389029,150.239899,151.11532,150.791246,148.772447,149.936869,149.936869,149.368687,149.60578,148.639169,147.572952,149.943883,149.943883,149.325196,150.554153,148.069585,149.368687,149.368687,148.148148,149.074074,152.199074,138.343855,142.314815,142.29798,145.959596,145.959596,103.462402,103.626543,104.938272,99.1666667,86.3636364,88.8748597,86.8546577,89.8905724,89.2424242,86.6863075,87.6332772,89.2817059,90.2777778,80.7239057,78.5634119,82.7805836,78.6363636,77.7272727,78.3459596,81.9444444,81.6147587
coal_steam_eff,0.42465591417082504,0.41498071040207424,0.4149807111597966,0.41047543566596145,0.4068047157708932,0.40503030464742973,0.4037477108684489,0.40328617154495827,0.4022596485283971,0.4014903803370265,0.4101361361436945,0.4109911470039681,0.4101361359621803,0.4101869515815742,0.4108806868813644,0.40656037195947264,0.40656037195947264,0.4069492929835657,0.40596237834575544,0.4079847642849456,0.40659456025728924,0.4059623792833584,0.4028265342369134,0.4069828279616113,0.4071937883016628,0.4055400469493229,0.4071937883016628,0.40153874257895855,0.40446039301795494,0.4071937880377666,0.4071937882163545,0.40400614609825214,0.402582702150723,0.40258270275094965,0.4055400483840423,0.4071937891369984,0.4065945599170289,0.40639081119354953,0.40001884277614175,0.40104372239295677,0.4071937883016628,0.40613718860879083,0.4017820852105392,0.40178208559603,0.40178208582082287,0.4034121723618654,0.40613718888483785,0.40282653348172376,0.40613718811010785,0.4061371882561374,0.4061371876684345,0.40613718847774133,0.40613718927521275,0.4055400469493229,0.4055400469493229,0.4055400473728296,0.40556024266419566,0.40423448349088187,0.4042344822518484,0.40638400747495573,0.40556024330365886,0.4017820847621318,0.4061371882957962,0.4071937882740787,0.4071937883016628,0.4071937883016628,0.40656037206607043,0.4011685354744998,0.40178208638946317,0.4066148228914786,0.4024960361691697,0.4010437217080031,0.404074904707939,0.404234484536368,0.40240918314152496,0.40282653293736986,0.40178208613196004,0.4059689532519834,0.40292330697353923,0.40178208601896476,0.4019077290535832,0.4017820863522731,0.401461360397259,0.4017781065323436,0.403542021864686,0.40178208551710876,0.4033061453317839,0.38920242570573965,0.40187866039923337,0.4017820857476248,0.4025827025312418,0.4049050975042298,0.40457245068230646,0.4012926396835855,0.4028265338596536
target_pressure,0.0475,0.0475,0.0475,0.0475,0.0475,0.0475,0.0475,0.0475,0.0475,0.0475,0.0475,0.0475,0.0475,0.0475,0.0475,0.0475,0.0475,0.0475,0.0475,0.0475,0.0475,0.0475,0.0475,0.0475,0.0475,0.0475,0.0475,0.0475,0.0475,0.0475,0.0475,0.0475,0.0475,0.0475,0.0475,0.0475,0.0475,0.0475,0.0475,0.0475,0.0475,0.0475,0.0475,0.0475,0.0475,0.0475,0.0475,0.0475,0.0475,0.0475,0.0475,0.0475,0.0475,0.0475,0.0475,0.0475,0.0475,0.0475,0.0475,0.0475,0.0475,0.0475,0.0475,0.0475,0.0475,0.0475,0.0475,0.0475,0.0475,0.0475,0.0475,0.0475,0.0475,0.0475,0.0475,0.0475,0.0475,0.0475,0.0475,0.0475,0.0475,0.0475,0.0475,0.0475,0.0475,0.0475,0.0475,0.0475,0.0475,0.0475,0.0475,0.0475,0.0475,0.0475,0.0475
HP_output_T_MS,602.239204,611.275304,611.275304,591.425552,594.35377,595.317122,596.883125,598.177954,597.229813,597.797018,591.078182,591.405667,591.078182,592.095716,591.501777,593.917945,593.917945,593.628635,594.354003,595.943441,596.962751,594.354002,599.457414,595.659698,596.530348,592.614102,596.530348,595.295152,598.421369,596.530348,596.530348,598.71616,599.606382,599.606382,592.614102,596.530348,596.962751,597.107429,596.206476,595.598001,596.530348,592.175575,595.144081,595.144081,595.144081,594.093389,592.175575,599.457414,592.175575,592.175575,592.175575,592.175575,592.175575,592.614102,592.614102,592.614102,592.599447,598.568641,598.568641,596.093312,592.599444,595.144081,592.175575,596.530348,596.530348,596.530348,593.917945,595.5222,595.144081,596.948298,594.692311,595.598001,598.671879,598.568641,597.732405,599.457414,595.144081,600.435024,599.397893,595.144081,597.050035,595.144081,597.321114,597.920003,599.011936,595.144081,599.160189,601.352946,595.08372,595.144081,599.606382,598.127579,598.347827,595.446459,599.457414
HP_output_P_MS,6050000.0,4162500.0,4162500.0,4199682.27,3692190.01,3486251.13,3326893.66,3255795.71,3184697.76,3106244.85,4167810.77,4265876.91,4167810.77,4143294.24,4248715.33,3677480.09,3677480.09,3726513.16,3603930.49,3777997.88,3603930.49,3603930.49,3187149.41,3677480.09,3677480.09,3603930.49,3677480.09,3162632.88,3358765.15,3677480.09,3677480.09,3309732.08,3162632.88,3162632.88,3603930.49,3677480.09,3603930.49,3579413.96,3015533.68,3113599.81,3677480.09,3677480.09,3187149.41,3187149.41,3187149.41,3358765.15,3677480.09,3187149.41,3677480.09,3677480.09,3677480.09,3677480.09,3677480.09,3603930.49,3603930.49,3603930.49,3606382.14,3334248.62,3334248.62,3603930.49,3606382.14,3187149.41,3677480.09,3677480.09,3677480.09,3677480.09,3677480.09,3125858.08,3187149.41,3606382.14,3260699.02,3113599.81,3317087.04,3334248.62,3187149.41,3187149.41,3187149.41,3456831.29,3196956.03,3187149.41,3157729.57,3187149.41,3113599.81,3128309.73,3260699.02,3187149.41,3236182.48,2206488.06,3196956.03,3187149.41,3162632.88,3407798.22,3371023.42,3138116.35,3187149.41
IP_input_T_MS,833.15,833.15,833.15,810.75,810.75,810.45,811.15,812.15,810.55,810.65,810.15,811.15,810.15,811.15,811.15,810.15,810.15,810.15,810.15,813.15,813.15,810.15,813.15,812.15,813.15,808.15,813.15,808.15,813.15,813.15,813.15,813.15,813.15,813.15,808.15,813.15,813.15,813.15,808.15,808.15,813.15,808.15,808.15,808.15,808.15,808.15,808.15,813.15,808.15,808.15,808.15,808.15,808.15,808.15,808.15,808.15,808.15,813.15,813.15,812.15,808.15,808.15,808.15,813.15,813.15,813.15,810.15,808.15,808.15,813.15,808.15,808.15,813.15,813.15,811.15,813.15,808.15,816.15,813.15,808.15,810.15,808.15,810.15,810.95,813.15,808.15,813.15,808.15,808.15,808.15,813.15,813.15,813.15,808.15,813.15
IP_input_P_MS,5550000.0,3662500.0,3662500.0,3699682.27,3192190.01,2986251.13,2826893.66,2755795.71,2684697.76,2606244.85,3667810.77,3765876.91,3667810.77,3643294.24,3748715.33,3177480.09,3177480.09,3226513.16,3103930.49,3277997.88,3103930.49,3103930.49,2687149.41,3177480.09,3177480.09,3103930.49,3177480.09,2662632.88,2858765.15,3177480.09,3177480.09,2809732.08,2662632.88,2662632.88,3103930.49,3177480.09,3103930.49,3079413.96,2515533.68,2613599.81,3177480.09,3177480.09,2687149.41,2687149.41,2687149.41,2858765.15,3177480.09,2687149.41,3177480.09,3177480.09,3177480.09,3177480.09,3177480.09,3103930.49,3103930.49,3103930.49,3106382.14,2834248.62,2834248.62,3103930.49,3106382.14,2687149.41,3177480.09,3177480.09,3177480.09,3177480.09,3177480.09,2625858.08,2687149.41,3106382.14,2760699.02,2613599.81,2817087.04,2834248.62,2687149.41,2687149.41,2687149.41,2956831.29,2696956.03,2687149.41,2657729.57,2687149.41,2613599.81,2628309.73,2760699.02,2687149.41,2736182.48,1706488.06,2696956.03,2687149.41,2662632.88,2907798.22,2871023.42,2638116.35,2687149.41
LP_input_T_MS,599.602695,602.81808,602.81808,584.893574,585.811006,585.945831,586.789695,587.710989,586.571878,586.793418,584.473336,585.092772,584.473336,585.313914,585.123725,585.361095,585.361095,585.272238,585.494416,587.563204,587.876445,585.494416,588.627391,586.949654,587.744061,583.906825,587.744061,584.711276,588.318022,587.744061,587.744061,588.406391,588.671604,588.671604,583.906825,587.744061,587.876445,587.920582,584.979747,584.800751,587.744061,583.772874,584.666545,584.666545,584.666545,584.353608,583.772874,588.627391,583.772874,583.772874,583.772874,583.772874,583.772874,583.906825,583.906825,583.906825,583.90236,588.362204,588.362204,587.08235,583.90236,584.666545,583.772874,587.744061,587.744061,587.744061,585.361095,584.778381,584.666545,587.872031,584.532375,584.800751,588.393134,588.362206,587.042801,588.627391,584.666545,590.522288,588.609707,584.666545,586.304008,584.666545,586.384162,586.99096,588.494778,584.666545,588.538978,586.45879,584.648653,584.666543,588.671604,588.22967,588.295932,584.756011,588.627391
LP_input_P_MS,1110000.0,732500.0,732500.0,739936.453,638438.003,597250.226,565378.731,551159.142,536939.552,521248.97,733562.154,753175.382,733562.154,728658.848,749743.067,635496.019,635496.019,645302.632,620786.098,655599.576,620786.098,620786.098,537429.883,635496.019,635496.019,620786.098,635496.019,532526.576,571753.03,635496.019,635496.019,561946.417,532526.576,532526.576,620786.098,635496.019,620786.098,615882.791,503106.735,522719.962,635496.019,635496.019,537429.883,537429.883,537429.883,571753.03,635496.019,537429.883,635496.019,635496.019,635496.019,635496.019,635496.019,620786.098,620786.098,620786.098,621276.429,566849.723,566849.723,620786.098,621276.429,537429.883,635496.019,635496.019,635496.019,635496.019,635496.019,525171.616,537429.883,621276.429,552139.803,522719.962,563417.409,566849.723,537429.883,537429.883,537429.883,591366.257,539391.205,537429.883,531545.915,537429.883,522719.962,525661.946,552139.803,537429.883,547236.496,341297.611,539391.205,537429.883,532526.576,581559.644,574204.684,527623.269,537429.883
LP_output_T_MS,308.288639,308.288639,308.288639,308.288639,308.288639,308.288639,308.288639,308.288639,308.288639,308.288639,308.288639,308.288639,308.288639,308.288639,308.288639,308.288639,308.288639,308.288639,308.288639,308.288639,308.288639,308.288639,308.288639,308.288639,308.288639,308.288639,308.288639,308.288639,308.288639,308.288639,308.288639,308.288639,308.288639,308.288639,308.288639,308.288639,308.288639,308.288639,308.288639,308.288639,308.288639,308.288639,308.288639,308.288639,308.288639,308.288639,308.288639,308.288639,308.288639,308.288639,308.288639,308.288639,308.288639,308.288639,308.288639,308.288639,308.288639,308.288639,308.288639,308.288639,308.288639,308.288639,308.288639,308.288639,308.288639,308.288639,308.288639,308.288639,308.288639,308.288639,308.288639,308.288639,308.288639,308.288639,308.288639,308.288639,308.288639,308.288639,308.288639,308.288639,308.288639,308.288639,308.288639,308.288639,308.288639,308.288639,308.288639,308.288639,308.288639,308.288639,308.288639,308.288639,308.288639,308.288639,308.288639
LP_output_P_MS,4750.0,4750.0,4750.0,4750.0,4750.0,4750.0,4750.0,4750.0,4750.0,4750.0,4750.0,4750.0,4750.0,4750.0,4750.0,4750.0,4750.0,4750.0,4750.0,4750.0,4750.0,4750.0,4750.0,4750.0,4750.0,4750.0,4750.0,4750.0,4750.0,4750.0,4750.0,4750.0,4750.0,4750.0,4750.0,4750.0,4750.0,4750.0,4750.0,4750.0,4750.0,4750.0,4750.0,4750.0,4750.0,4750.0,4750.0,4750.0,4750.0,4750.0,4750.0,4750.0,4750.0,4750.0,4750.0,4750.0,4750.0,4750.0,4750.0,4750.0,4750.0,4750.0,4750.0,4750.0,4750.0,4750.0,4750.0,4750.0,4750.0,4750.0,4750.0,4750.0,4750.0,4750.0,4750.0,4750.0,4750.0,4750.0,4750.0,4750.0,4750.0,4750.0,4750.0,4750.0,4750.0,4750.0,4750.0,4750.0,4750.0,4750.0,4750.0,4750.0,4750.0,4750.0,4750.0
LP_vaporfraction_MS,0.882776275,0.906579118,0.906579118,0.897761392,0.906025287,0.909613325,0.912896711,0.914664439,0.915511869,0.917172997,0.898026251,0.896908764,0.898026251,0.898775855,0.897166849,0.906060527,0.906060527,0.905208364,0.907361498,0.905434627,0.908467403,0.907361498,0.916414902,0.906798818,0.907167507,0.906622711,0.907167507,0.915083045,0.913013871,0.907167507,0.907167507,0.913965955,0.916917048,0.916917048,0.906622711,0.907167507,0.908467402,0.908906954,0.91819258,0.916101488,0.907167507,0.905321014,0.914580308,0.914580308,0.914580308,0.911175153,0.905321014,0.916414902,0.905321014,0.905321014,0.905321014,0.905321014,0.905321014,0.906622711,0.906622711,0.906622711,0.906578871,0.913488018,0.913488018,0.90809907,0.906578871,0.914580308,0.905321014,0.907167507,0.907167507,0.907167507,0.906060527,0.915845231,0.914580308,0.908423622,0.9130971,0.916101488,0.913822172,0.913488019,0.915681957,0.916414902,0.914580308,0.912255002,0.916215229,0.914580308,0.915918528,0.914580308,0.916835483,0.916821575,0.914933472,0.914580308,0.915423189,0.939121747,0.914380398,0.914580307,0.916917048,0.912076692,0.912778199,0.915590078,0.916414902
HP_output_T_coal,329.089061,338.125313,338.125313,318.275637,321.203792,322.167135,323.733084,325.027927,324.079798,324.647008,317.928257,318.255771,317.928257,318.94579,318.351877,320.767965,320.767965,320.478658,321.204019,322.79347,323.812769,321.204019,326.307396,322.50972,323.380371,319.464118,323.380371,322.145139,325.271315,323.380371,323.380371,325.566121,326.456367,326.456367,319.464118,323.380371,323.812769,323.957446,323.056472,322.447992,323.380371,319.025593,321.994067,321.994067,321.994067,320.943344,319.025593,326.307396,319.025593,319.025593,319.025593,319.025593,319.025593,319.464118,319.464118,319.464118,319.44946,325.418594,325.418594,322.94333,319.44946,321.994067,319.025593,323.380371,323.380371,323.380371,320.767965,322.372191,321.994067,323.798316,321.542287,322.447992,325.521837,325.418594,324.582388,326.307396,321.994067,327.285038,326.247874,321.994067,323.900022,321.994067,324.171104,324.769992,325.861908,321.994067,326.010165,328.202945,321.933704,321.994067,326.456367,324.977505,325.197769,322.296448,326.307396
HP_output_P_coal,60.5,41.625,41.625,41.9968227,36.9219001,34.8625113,33.2689366,32.5579571,31.8469776,31.0624485,41.6781077,42.6587691,41.6781077,41.4329424,42.4871533,36.7748009,36.7748009,37.2651316,36.0393049,37.7799788,36.0393049,36.0393049,31.8714941,36.7748009,36.7748009,36.0393049,36.7748009,31.6263288,33.5876515,36.7748009,36.7748009,33.0973208,31.6263288,31.6263288,36.0393049,36.7748009,36.0393049,35.7941396,30.1553368,31.1359981,36.7748009,36.7748009,31.8714941,31.8714941,31.8714941,33.5876515,36.7748009,31.8714941,36.7748009,36.7748009,36.7748009,36.7748009,36.7748009,36.0393049,36.0393049,36.0393049,36.0638214,33.3424862,33.3424862,36.0393049,36.0638214,31.8714941,36.7748009,36.7748009,36.7748009,36.7748009,36.7748009,31.2585808,31.8714941,36.0638214,32.6069902,31.1359981,33.1708704,33.3424862,31.8714941,31.8714941,31.8714941,34.5683129,31.9695603,31.8714941,31.5772957,31.8714941,31.1359981,31.2830973,32.6069902,31.8714941,32.3618248,22.0648806,31.9695603,31.8714941,31.6263288,34.0779822,33.7102342,31.3811635,31.8714941
IP_input_T_coal,560.0,560.0,560.0,537.6,537.6,537.3,538.0,539.0,537.4,537.5,537.0,538.0,537.0,538.0,538.0,537.0,537.0,537.0,537.0,540.0,540.0,537.0,540.0,539.0,540.0,535.0,540.0,535.0,540.0,540.0,540.0,540.0,540.0,540.0,535.0,540.0,540.0,540.0,535.0,535.0,540.0,535.0,535.0,535.0,535.0,535.0,535.0,540.0,535.0,535.0,535.0,535.0,535.0,535.0,535.0,535.0,535.0,540.0,540.0,539.0,535.0,535.0,535.0,540.0,540.0,540.0,537.0,535.0,535.0,540.0,535.0,535.0,540.0,540.0,538.0,540.0,535.0,543.0,540.0,535.0,537.0,535.0,537.0,537.8,540.0,535.0,540.0,535.0,535.0,535.0,540.0,540.0,540.0,535.0,540.0
IP_input_P_coal,55.5,36.625,36.625,36.9968227,31.9219001,29.8625113,28.2689366,27.5579571,26.8469776,26.0624485,36.6781077,37.6587691,36.6781077,36.4329424,37.4871533,31.7748009,31.7748009,32.2651316,31.0393049,32.7799788,31.0393049,31.0393049,26.8714941,31.7748009,31.7748009,31.0393049,31.7748009,26.6263288,28.5876515,31.7748009,31.7748009,28.0973208,26.6263288,26.6263288,31.0393049,31.7748009,31.0393049,30.7941396,25.1553368,26.1359981,31.7748009,31.7748009,26.8714941,26.8714941,26.8714941,28.5876515,31.7748009,26.8714941,31.7748009,31.7748009,31.7748009,31.7748009,31.7748009,31.0393049,31.0393049,31.0393049,31.0638214,28.3424862,28.3424862,31.0393049,31.0638214,26.8714941,31.7748009,31.7748009,31.7748009,31.7748009,31.7748009,26.2585808,26.8714941,31.0638214,27.6069902,26.1359981,28.1708704,28.3424862,26.8714941,26.8714941,26.8714941,29.5683129,26.9695603,26.8714941,26.5772957,26.8714941,26.1359981,26.2830973,27.6069902,26.8714941,27.3618248,17.0648806,26.9695603,26.8714941,26.6263288,29.0779822,28.7102342,26.3811635,26.8714941
LP_input_T_coal,326.452695,329.66808,329.66808,311.743574,312.661006,312.795831,313.639695,314.560989,313.421878,313.643418,311.323336,311.942772,311.323336,312.163914,311.973725,312.211095,312.211095,312.122238,312.344416,314.413204,314.726445,312.344416,315.477391,313.799654,314.594061,310.756825,314.594061,311.561276,315.168022,314.594061,314.594061,315.256391,315.521604,315.521604,310.756825,314.594061,314.726445,314.770582,311.829747,311.650751,314.594061,310.622874,311.516545,311.516545,311.516545,311.203608,310.622874,315.477391,310.622874,310.622874,310.622874,310.622874,310.622874,310.756825,310.756825,310.756825,310.75236,315.212204,315.212204,313.93235,310.75236,311.516545,310.622874,314.594061,314.594061,314.594061,312.211095,311.62838,311.516545,314.722031,311.382375,311.650751,315.243134,315.212204,313.892801,315.477391,311.516545,317.372288,315.459707,311.516545,313.154008,311.516545,313.234162,313.84096,315.344778,311.516545,315.388978,313.30879,311.498653,311.516545,315.521604,315.07967,315.145932,311.606011,315.477391
LP_input_P_coal,11.1,7.325,7.325,7.39936453,6.38438003,5.97250226,5.65378731,5.51159142,5.36939552,5.2124897,7.33562154,7.53175382,7.33562154,7.28658848,7.49743067,6.35496019,6.35496019,6.45302632,6.20786098,6.55599576,6.20786098,6.20786098,5.37429883,6.35496019,6.35496019,6.20786098,6.35496019,5.32526576,5.7175303,6.35496019,6.35496019,5.61946417,5.32526576,5.32526576,6.20786098,6.35496019,6.20786098,6.15882791,5.03106735,5.22719962,6.35496019,6.35496019,5.37429883,5.37429883,5.37429883,5.7175303,6.35496019,5.37429883,6.35496019,6.35496019,6.35496019,6.35496019,6.35496019,6.20786098,6.20786098,6.20786098,6.21276429,5.66849723,5.66849723,6.20786098,6.21276429,5.37429883,6.35496019,6.35496019,6.35496019,6.35496019,6.35496019,5.25171616,5.37429883,6.21276429,5.52139803,5.22719962,5.63417409,5.66849723,5.37429883,5.37429883,5.37429883,5.91366257,5.39391205,5.37429883,5.31545915,5.37429883,5.22719962,5.25661946,5.52139803,5.37429883,5.47236496,3.41297611,5.39391205,5.37429883,5.32526576,5.81559644,5.74204684,5.27623269,5.37429883
LP_output_T_coal,35.1386392,35.1386392,35.1386392,35.1386392,35.1386392,35.1386392,35.1386392,35.1386392,35.1386392,35.1386392,35.1386392,35.1386392,35.1386392,35.1386392,35.1386392,35.1386392,35.1386392,35.1386392,35.1386392,35.1386392,35.1386392,35.1386392,35.1386392,35.1386392,35.1386392,35.1386392,35.1386392,35.1386392,35.1386392,35.1386392,35.1386392,35.1386392,35.1386392,35.1386392,35.1386392,35.1386392,35.1386392,35.1386392,35.1386392,35.1386392,35.1386392,35.1386392,35.1386392,35.1386392,35.1386392,35.1386392,35.1386392,35.1386392,35.1386392,35.1386392,35.1386392,35.1386392,35.1386392,35.1386392,35.1386392,35.1386392,35.1386392,35.1386392,35.1386392,35.1386392,35.1386392,35.1386392,35.1386392,35.1386392,35.1386392,35.1386392,35.1386392,35.1386392,35.1386392,35.1386392,35.1386392,35.1386392,35.1386392,35.1386392,35.1386392,35.1386392,35.1386392,35.1386392,35.1386392,35.1386392,35.1386392,35.1386392,35.1386392,35.1386392,35.1386392,35.1386392,35.1386392,35.1386392,35.1386392,35.1386392,35.1386392,35.1386392,35.1386392,35.1386392,35.1386392
LP_output_P_coal,0.0475,0.0475,0.0475,0.0475,0.0475,0.0475,0.0475,0.0475,0.0475,0.0475,0.0475,0.0475,0.0475,0.0475,0.0475,0.0475,0.0475,0.0475,0.0475,0.0475,0.0475,0.0475,0.0475,0.0475,0.0475,0.0475,0.0475,0.0475,0.0475,0.0475,0.0475,0.0475,0.0475,0.0475,0.0475,0.0475,0.0475,0.0475,0.0475,0.0475,0.0475,0.0475,0.0475,0.0475,0.0475,0.0475,0.0475,0.0475,0.0475,0.0475,0.0475,0.0475,0.0475,0.0475,0.0475,0.0475,0.0475,0.0475,0.0475,0.0475,0.0475,0.0475,0.0475,0.0475,0.0475,0.0475,0.0475,0.0475,0.0475,0.0475,0.0475,0.0475,0.0475,0.0475,0.0475,0.0475,0.0475,0.0475,0.0475,0.0475,0.0475,0.0475,0.0475,0.0475,0.0475,0.0475,0.0475,0.0475,0.0475,0.0475,0.0475,0.0475,0.0475,0.0475,0.0475
LP_vaporfraction_coal,0.882776275,0.906579118,0.906579118,0.897761392,0.906025287,0.909613325,0.912896711,0.914664439,0.915511869,0.917172997,0.898026251,0.896908764,0.898026251,0.898775855,0.897166849,0.906060527,0.906060527,0.905208364,0.907361498,0.905434626,0.908467402,0.907361498,0.916414902,0.906798817,0.907167507,0.906622711,0.907167507,0.915083045,0.913013871,0.907167507,0.907167507,0.913965955,0.916917048,0.916917048,0.906622711,0.907167507,0.908467402,0.908906954,0.91819258,0.916101488,0.907167507,0.905321014,0.914580308,0.914580308,0.914580308,0.911175153,0.905321014,0.916414902,0.905321014,0.905321014,0.905321014,0.905321014,0.905321014,0.906622711,0.906622711,0.906622711,0.906578871,0.913488018,0.913488018,0.90809907,0.906578871,0.914580308,0.905321014,0.907167507,0.907167507,0.907167507,0.906060527,0.915845231,0.914580308,0.908423622,0.9130971,0.916101488,0.913822172,0.913488018,0.915681957,0.916414902,0.914580308,0.912255002,0.916215229,0.914580308,0.915918527,0.914580308,0.916835482,0.916821575,0.914933472,0.914580308,0.915423189,0.939121747,0.914380398,0.914580308,0.916917048,0.912076692,0.912778199,0.915590078,0.916414902
coal_power_net,-720.475974,-626.012347,-675.205921,-536.635751,-273.225983,-229.38512,-217.102307,-154.074239,-132.737143,-120.50135,-544.91149,-539.299367,-538.306502,-539.755567,-540.496179,-273.964219,-273.964219,-270.064247,-273.286542,-274.749407,-231.417473,-232.681736,-227.649805,-227.66224,-230.690036,-229.909592,-230.690036,-230.699064,-232.600967,-231.422939,-236.154306,-227.826955,-229.262207,-229.93894,-230.856826,-229.768486,-226.856349,-228.105297,-230.355494,-230.05952,-230.690036,-228.46639,-229.596313,-230.303231,-230.924461,-237.192649,-233.750919,-229.523334,-230.761375,-230.532371,-231.876663,-231.379016,-228.278965,-229.909592,-229.909592,-229.037707,-229.406941,-228.71801,-227.07624,-231.117921,-229.925779,-227.859013,-231.014937,-228.682143,-230.690036,-230.690036,-227.913433,-227.276044,-232.247256,-213.506542,-217.370407,-216.899385,-224.543745,-224.59199,-158.443276,-159.102566,-160.086428,-153.354918,-132.595592,-135.562177,-132.764542,-137.112832,-136.330348,-132.58687,-134.66229,-136.183295,-138.684585,-120.5204,-119.836614,-126.25841,-120.663311,-119.64275,-120.54415,-124.895572,-125.281064
flowsteam_calibrated,450.757576,393.333333,424.242424,347.083895,177.416807,149.328704,141.471801,100.38931,86.7592593,78.8473625,352.777778,348.501684,348.501684,349.027778,349.305556,178.058361,178.058361,175.448934,177.741162,177.717172,149.943883,151.349607,148.233726,147.60101,149.368687,149.936869,149.368687,151.237374,151.11532,149.842873,152.90404,148.106061,149.335017,149.775533,150.554153,148.772447,146.990741,147.835297,151.349607,150.925926,149.368687,148.894501,150.462963,150.925926,151.332772,155.092593,152.335859,149.452862,150.389029,150.239899,151.11532,150.791246,148.772447,149.936869,149.936869,149.368687,149.60578,148.639169,147.572952,149.943883,149.943883,149.325196,150.554153,148.069585,149.368687,149.368687,148.148148,149.074074,152.199074,138.343855,142.314815,142.29798,145.959596,145.959596,103.462402,103.626543,104.938272,99.1666667,86.3636364,88.8748597,86.8546577,89.8905724,89.2424242,86.6863075,87.6332772,89.2817059,90.2777778,80.7239057,78.5634119,82.7805836,78.6363636,77.7272727,78.3459596,81.9444444,81.6147587
lmtd_salt,65.5100134,74.2634968,74.2792179,97.2656105,100.880262,102.716294,103.603707,103.546544,105.263094,105.947773,,,,,,101.377164,101.377164,101.0028,101.982474,98.6230748,99.9527503,101.984543,103.459332,100.064938,99.3809717,103.216978,99.3784838,107.047116,101.962626,99.3814517,99.4034121,102.378254,103.709509,103.680701,103.205273,99.3809766,99.9425453,100.130783,108.404849,107.474525,99.380991,102.596102,106.782969,106.777007,106.780996,105.239622,102.634427,103.459289,102.628472,102.629799,102.634668,102.635706,102.609078,103.243872,103.243872,103.21396,103.195954,102.164235,102.134066,100.638527,103.179696,106.777328,102.668991,99.3810105,99.3925427,99.3925427,101.381125,107.382368,106.78267,99.9515159,106.115097,107.462379,102.314721,102.180802,104.841088,103.477803,106.781674,98.9449925,103.371494,106.781789,105.773684,106.781809,106.182624,105.515396,102.805256,106.781728,103.021363,117.26522,106.688858,106.792069,103.684355,101.544518,101.864929,107.235694,103.454007
UA,26362046.7,20564455.7,22175766.2,13613675.0,6735409.0,5575143.13,5245638.06,3729190.7,3168185.94,2862559.23,,,,,,6724288.76,6724288.76,6647829.45,6676190.07,6909466.3,5759630.85,5684773.5,5518091.74,5655832.99,5767367.02,5555960.01,5767511.41,5421791.99,5700644.28,5785648.17,5902539.93,5566476.02,5546688.84,5564596.44,5579466.41,5744344.95,5646771.55,5669580.16,5363821.06,5391109.56,5767365.9,5547606.77,5406369.0,5423306.82,5437723.08,5647086.22,5673707.68,5563477.14,5601523.52,5595896.51,5628235.81,5616108.99,5542358.2,5554512.77,5554512.77,5535067.71,5544717.05,5597192.44,5558684.25,5716022.65,5558123.55,5365770.75,5605460.77,5717204.36,5766695.6,5766695.6,5594525.3,5329036.72,5468765.51,5314019.67,5142909.71,5083491.81,5488907.94,5495398.68,3794984.34,3856873.3,3770641.55,3860974.6,3217436.7,3193447.68,3156049.29,3229943.61,3231395.9,3160237.9,3281161.43,3208068.29,3373701.81,2660766.94,2825186.18,2974182.08,2921466.53,2943164.29,2958071.49,2933049.78,3038316.03
